text,rt_count, fav_count
Fashion breaks my hears,0,0
Our work is never over,0,0
I am not a fan of books,0,0
I will go down as the voice of this generation, of this decade, I will be the loudest voice.,0,0
Man, I'm the No. 1 living and breathing rock star. I am Axl Rose; I am Jim Morrison; I am Jimi Hendrix.,0,0
I still think I am the greatest.,0,0
I don't know what's better gettin' laid or gettin' paid.,0,0
Nobody can tell me where I can and can't go.,0,0
I am Warhol. I am the No. 1 most impactful artist of our generation. I am Shakespeare in the flesh.,0,0
Would you believe in what you believe in if you were the only one who believed it?,0,0
I feel like I'm too busy writing history to read it.,0,0
PABLO POP-UP SHOP MARCH 18-20 FRI 4-8 PM SAT SUN 12-8 PM AT 83 WOOSTER IN NYC https://t.co/j1t9Ng5JkO,7978,22262
Fixing Wolves 2day... Worked on it for 3 weeks. Life Of Pablo is a living breathing changing creative expression. #contemporaryart,18066,46957
Utah has eliminated homelessness by 91%,11492,32574
Non artist trying to grab the paint brush...,15213,26311
My tweets are a form of contemporary art only compromised by people trying to tell me what to tweet and not to tweet...,25216,40584
no one can ask me or try to tell me what to Instagram... It's my art...,19879,41988
on another note... I was thinking about getting an Instagram but only on one condition......,8628,30278
%1000 Steve Ballmer. Let's meet this week if you have time. I was hanging with Chris Paul last night.,3734,12999
Steve Ballmer can I please redesign the Clippers mascot,19284,35698
I believe in us,55885,55738
I think human beings can create a Utopia.,12092,26082
I care about quality,26387,34746
I care about truth.,31935,36077
I care about our future.,26089,34204
I care about people.,24422,33250
everyone can say anything they want about me but they could never say that I didn't care.,34993,41182
I have discovered my single greatest quality.  I care.,44753,60015
What do you mean by @JustinBieber was my favorite song of 2015,94391,140845
mood https://t.co/msQNDIoHgA,22143,60110
No more fashion calendar... I'm going Mad Max... 6 collections a year...3 albums a year,33867,63385
and yes Run is on my all time top ten list!!!,2622,10934
I feel like Rev Run, God MC tweeting positive energy while sitting in the bathroom!,6838,17326
Let's start the day off right!!! And y'all know what I'm bout to say now ...#allpositivevibes!!!!!!,15668,22797
My whole family loves you and your family and we appreciate the moment you helped realize on the Beams!!!,2891,12285
I love you. My dad loves you.,10094,19804
Thank you Kirk for standing by me through all the noise.,2865,11281
The choir arrangement that Kirk orchestrated is the most powerful thing I've heard in my earthly existence.,6253,18521
A lot of people tell me Ultralight Beam is my greatest artwork to date only rival being Jesus Walks.,16236,37175
Be strong today little bro!  ‚ÄúCome to me, all of you who are tired and have heavy loads, and I will give you rest. MATTHEW 11:28‚Äù,13260,24358
I just received a blessing from minister Kirk Franklin,3524,12652
Olivier designed clothes for my show‚Ä¶ That was real,   that was groundbreaking,  that is a Real Friend.,2557,12913
Be real‚Ä¶,53446,39159
Don‚Äôt try to use me for advertisement or to make your proposed trend relevant.,4808,14676
If you wouldn‚Äôt invite me to your house then don‚Äôt invite me to your show.,10181,24497
Fake Fake Fake fake fake fake fake fake fake fake fake ‚Ä¶ just my analysis,69557,63568
So many people turned on her when she was fired and acted like they forgot the innovation and beauty that she brought to the world‚Ä¶,2094,9633
The fashion world is sooooooo fake and Carine is one of the very few real people in fashion‚Ä¶,2764,10983
I like T-shirts and women in yoga pants‚Ä¶ I live in LA that‚Äôs what people wear‚Ä¶ not sure why someone would put a suit jacket on with that.,8238,24505
All these journalists can give their opinions well these are mine‚Ä¶yes I believe in my ripped homeless sweaters!!!,19110,36644
Sorry I couldn‚Äôt be at Virgil‚Äôs show because I had a meeting in another city.,1619,8129
this is my friend and we've bounced ideas and references for years since the time when he designed for YEEZY Season 1.,1751,8787
I thank Demna for using the "I feel like Pablo" sweatshirts in his show,,2163,10164
I thank Olivier for designing his collection around my wife‚Ä¶ this is visionary as I believe that Kim is our modern day everything.,4363,18346
Oh and I only came to Paris fashion to stand by my friends Olivier, Riccardo and Demna.,1990,9165
Just cause somebody is wearing combat boots doesn‚Äôt mean it‚Äôs all of a sudden youth.,3760,12762
I also hate all the stylists that copy Hedi Slimane and give their clients blatant YSL looks thinking that it will bring a younger client.,2487,9516
I feel we are so stuck in the past and tradition.,13018,19418
I especially hate suit jackets on women‚Ä¶ that was a groundbreaking idea 5 million years ago!,3875,11490
I don‚Äôt personally like suit jackets anymore.,6039,14922
excited to see my family and finish the final mixes of the Life of Pablo and keep working on Turbo Grafx 16 and Season 4 ‚Ä¶.,9188,25257
I‚Äôm on a plane coming back from Europe‚Ä¶,2830,11793
Get Top on the phoooone!!!!!  @Kendricklamar,19531,33750
we win,17888,22170
the pure of heart win‚Ä¶,24348,26099
the thinkers win‚Ä¶,21911,24751
the artists win...,13821,21480
the future thinkers win‚Ä¶,18603,23626
Together we stand‚Ä¶ we win‚Ä¶,10829,17541
Thank you to @asvpxrocky for supporting me at the MSG show‚Ä¶,4433,18841
I guess in a media world where you never hear the truth, the truth can come off as crazy‚Ä¶,12256,21092
It‚Äôs been a lot of confusion in the past 3 weeks so let me apologize for in any way being confusing‚Ä¶,3920,13538
. @Adidas is making a million Yeezys this year, opening up new factories‚Ä¶,17475,38094
Feeling like Robin Hood‚Ä¶,5501,12294
what war?  a class war‚Ä¶ a war against time‚Ä¶,4484,12111
sometimes the quiet moments feel like I‚Äôm home from battle‚Ä¶,5467,13218
can‚Äôt wait to get home to North, Saint and my wife‚Ä¶,9353,41929
Met with @Hermes_Paris family yesterday‚Ä¶ been out here fighting for 13 years and it feels like we‚Äôre finally seeing wins‚Ä¶,2126,9296
Was speaking with @souljaian earlier about a new idea‚Ä¶,2184,8168
So proud of my brother @VirgilAbloh with his new @OffWht collection!!!,1995,7900
bear with me guys, Rome wasn‚Äôt built in a day but I promise to keep my promises‚Ä¶,8456,20668
really happy to get the quality of the products better at half the prices of last year‚Ä¶,3625,13185
Sitting with @Robinnowicki from @ustwo working on the YEEZY site‚Ä¶,1887,8029
playing the new Kendrick‚Ä¶  1 thousand images on the desktop‚Ä¶  Hennessy &amp; what‚Äôs left of the ice and coke zero‚Ä¶,8622,24130
Super inspired by my visit to Ikea today , really amazing company‚Ä¶ my mind is racing with the possibilities‚Ä¶,24054,43276
Up late designing in Sweden‚Ä¶,4587,14617
please see these next tweets as such because the ideas will jump around a bit‚Ä¶ a bit like a mood board...,2917,11481
this is a stream of consciousness‚Ä¶ twitter poetry‚Ä¶,7069,16050
Thank you Carine for believing in the vision, You are a visionary https://t.co/f13xrRC5W9,1276,5665
muse https://t.co/JeXMTsZKmQ,31085,84025
###hashtag all positive vibes,35719,34091
please avoid trying to talk me out of being me in the future,38414,46555
Growing and learning but not being told to stop ...not being stunted.,12944,22785
I want people to be the best version of themselves and I will be the best version of me.,49872,53656
question... Why do people not want me to be me?,56861,59394
uuuuuuum, so there it is... No more CDs from me,8614,18801
the Yeezus album packaging was an open casket to CDs r.i.p,7667,20715
I was thinking about not making CDs ever again... Only streaming,7956,22999
Uuuuum... hi everybody!,22445,37017
Tyler killed this https://t.co/YVzyTXE1Bu,27445,40986
Love this video https://t.co/Ar8wrpQ95q,1911,8128
Playing the new Nigel Holt album in Paris ‚Ä¶  this is the perfect vibe right now! https://t.co/t047o2i0Vi https://t.co/qvojAjJNWM,3303,13345
we need to bring Max B, Lord (Timothy Ballard) and Barkim back home @nas @FrenchMontana #Harlem #QB,5530,14521
I promised Obama Ima do beats on NAS‚Äô next album‚Ä¶,25378,50591
I want to stream you performing in a Minnie Mouse head on @TIDALHiFi,5489,18134
I‚Äôm very detailed oriented and I will know the difference so don‚Äôt try to just throw a bow on the original head‚Ä¶,20791,41835
I need you to perform at her party with specifically a minnie mouse dead-mow-five head‚Ä¶ not a mickey mouse dead-mow-five head.,21431,34474
can you please bring the minnie mouse head ‚Ä¶ not yours   she specifically likes minnie mouse ‚Ä¶,14906,29641
Do you do birthday parties?? My daughter loves Minnie mouse‚Ä¶,21732,39760
# I‚Äôm bored  ### when you get married will your wife have a giant minnie mouse head? # This brightened up my day‚Ä¶ thank you dead-mow-five,18999,36602
# hash tag you raised Tidal‚Äôs subscriptions by a whopping üê≠üê≠üê≠downloads,5136,15859
# ok another super serious question   ...  is there a portable fan situation?,5614,15422
# whose job is it to carry the head on the plane # hash tag #  do you check the mickey mouse head or carry on #  does it get  hot?,11557,23549
# ok very serious question‚Ä¶,5010,13262
@Deadmau5 ‚Ä¶ is this person‚Äôs name pronounced dead-mow-five?,40176,44512
New project with 2 Chainz and Wayne dropping this Friday https://t.co/IZwN3mnkIS,59308,89964
Day 3 https://t.co/zPw0eFEFGF,9039,29037
Finally!!! Our guy!!! We're so so happy for Leo!!!,126999,232319
It is so inspiring.¬†¬†Thank you for existing!,5511,18790
and also let‚Äôs shout out to the art direction ‚Ä¶ candy on the screens!,2460,13178
I just want to thank Will Ferrell for the years of joy he has brought into my life with amazing comedy,39302,77526
We all know Will Ferrell has always been the one!!!,13562,31186
that showed how sharp and Bruce Lee status he is.,2915,12744
Perhaps it was seeing him play the same character from 15 years ago with 15 more years experience,3168,14750
His existence is a blessing.,13211,25321
Will Ferrell has reached walking living breathing god status!,24187,46290
I saw Zoolander 2 for the 2nd time,6921,23589
correction, the name of the Neo Geo game I was referring to was The Super Spy,2757,12041
We actually played Spy Hunter at my mom‚Äôs house!!!,4401,17110
My boy Mali that I spoke about on the song Drive Slow actually had a Neo Geo in real life bro‚Ä¶,4964,17582
Blazing Lazers was probably my favorite game on that console ‚Ä¶,3898,14376
just on some super nerd vibes‚Ä¶ one of my favorite gaming systems when I was a kid‚Ä¶,7505,23746
My next album is titled¬†¬†¬†"Turbo Grafx 16"¬†¬† as of now‚Ä¶,50651,69125
This best explains my experience in fashion and with fashion people in general   https://t.co/rY7o51TDss,7680,23194
number 1 streamed song this week https://t.co/wdsIr7NzhR,17628,48925
Kirk Franklin just sent me a blessing. I needed that. Thank you minister.,6685,24187
There are some lame fake accounts trying to make Kanye-isms that are not Mark Twain level.,22922,47203
Hi @Jack Dorsey, can you guys please take down all the fake Kanye accounts.,6332,17900
I'm not a rapper.,43748,56611
I just thought of the craziest idea of all ... I'm going to sell winter coats in the winter!!!,23873,47590
I'm going to steal Demna from Balenciaga,4388,14841
You won't always agree with me but I'm gon always be me. I'm woke!,47918,52015
The world needs a guy like me. The world needs somebody to not be scared and tell his truth.,22988,38620
I love being a voice of freedom when so many people are scared to speak up.,13167,27740
I represent what people can't say.,16488,30383
New album coming this summer,114563,128154
I'm not even gon lie to you. I love me so much right now.,246023,191994
And yes I've talked to Adidas and we gon hook y'all up with free Yeezys and Adidas.  All positive vibes.,45473,95861
That is one of the reasons I respect the paps so much.,4043,16213
Respect to everyone working hard to keep a roof over their kids,19231,36646
What is your definition of true freedom? There is no true freedom without economic freedom.,18617,29762
I just had to start with shoes so that I could be economically empowered enough to have a voice.,5209,17588
You guys will see my heart. You guys will feel my heart. We will make a difference.,9979,23657
It's a beautiful time.  I love my friends. I love my family.  I love people. The human race.,23056,36919
Free from being held back by public opinion.,11625,21482
I'm happy and free and proud and confident. I'm not crazy. I'm free,31076,40176
I'm proud as an entrepreneur that I gave everything I had to my dreams.,7621,20299
I wrote Saint Pablo after admitting to my greatest shame my personal debt. But I'm not ashamed anymore.,6057,20511
No slave mindset no more. I'm free. I'm free. I'm free.,13894,25904
I'm not crazy I'm free.,50970,61452
People ask why I speak in a public forum... Well my voice is my power. Freedom of speech. Freedom of opinion. Freedom of dreams.,12294,24863
We need to see Young Thug at the Grammys.  Not just me and Jay in a suit.,44594,52625
First order of business. We the people need to see Future at the Grammys.,55550,56848
and always remember that rock and roll was stolen and don't try to hide behind Jimmy Jam and Terry Lewis üò≠üò≠üò≠ all positive vibes.,5460,14214
Us real music guys wanna have fun too,6183,15803
Neil please reach out as soon as possible so we can make the Grammys culturally relevant again.,5594,16321
All artists have a problem with it and I am going to fix it for us all starting right now.,5361,14753
Has anyone at the Grammys ever heard March Madness??? Yes I have a problem with the Grammys.,40039,43671
You like your black people a certain way also. You wouldn't have Future perform and that man owned the clubs last summer.,18845,32310
You guys are supposed to be all about taste.,6617,16229
Dexter didn't feel he even had a chance of winning and he was right!!!,3501,11965
Everybody with any form of taste knows that was the best video of the year!,10599,23495
I don't want to just fix the awards for me but I want to fix it for Dexter Navy who directed A$AP Rocky‚Äôs LSD video.,16961,34818
If I'm not at the show next year then there is no show.,15074,25245
Hi Grammys this is the most important living artist talking.,46059,65028
I feel the Grammy awarding system is way off and completely out of touch.,9319,19335
I don't give opinions because they are commonly agreed upon. I say what I feel.,12589,19423
We need to fix this.,6227,13236
I know so many cool artists whose hearts have been broken by the politics including mine.,5762,16380
I think the Grammys are super important!!!,4094,12533
I would like to sit down with Neil Portnow right now,2558,9089
I really didn‚Äôt mean to use the B word tonight    ‚Ä¶  all positive vibes,7515,24136
God bless the fools ‚Ä¶ all positive vibes!,43149,41313
Ezrin I truly feel sorry for your friends and family that they have had to suffer an idiot like you for so many years‚Ä¶,8616,21673
Welcome to pop culture!!!,10480,21855
I made Dark Fantasy and Watch the Throne in one year and wasn‚Äôt nominated for either and you know who has 2 albums of the year.,26510,48484
Rock and Roll was stolen‚Ä¶ Rap was exploited‚Ä¶,20127,31028
it‚Äôs guys like you that run companies and don‚Äôt invest in Ye even if I‚Äôm your kid‚Äôs idol!!!,6564,17817
Bob please never speak in public again‚Ä¶ you are everything that is wrong with the old guard ‚Ä¶,8026,19866
Bro you said Macklemore was more important musically than me‚Ä¶ no offense to Macklemore, he‚Äôs a nice human being!,25442,45044
I‚Äôm so sorry for them‚Ä¶   I will send them free Yeezys to make up for the embarrassment that you have caused your family!,20234,41911
Your kids are ashamed of their dad‚Ä¶  Sorry for speaking about kids‚Ä¶  but could you imagine if you were Bob Ezrin‚Äôs kids‚Ä¶,9554,19837
Do something relevant‚Ä¶ Please don‚Äôt speak on me bro ever again!!!,15992,24920
I‚Äôm tired of old people that have no connection with anything trying to comment on music!,15435,27927
What the fuck does he know about rap‚Ä¶,9808,20623
Has anybody ever heard of Bob Ezrin???,8242,17937
If you are an entrepreneur you may have debt and lawsuits #facts,13509,34584
new song with my brothers French Montana and Nas https://t.co/yFmyJW4zD6 https://t.co/BWHFcPfkwT,27093,51685
My Heart https://t.co/Yt11QcelpN,54584,174945
Loving this mood for SEASON 4 https://t.co/HIq32PbMoc,10343,40942
Feels good to be home https://t.co/rhKN9xaC1F,5472,23459
Drake would come by and just help, no strings. Future also came by to write. We all got new shit together that's gonna drop soon.,95070,146864
I wanna thank my brother Drizzy for helping me on 30 Hours &amp; Father Stretch My Hands.,43466,94194
Season 4 begins. Premi√®re Vision https://t.co/LAlvRnlUgG,7795,26281
My number one enemy has been my ego‚Ä¶  there is only one throne and that‚Äôs God's  ‚Ä¶,78868,132235
In rap we have been developing a brotherhood‚Ä¶,7877,26115
There is so much positive energy right now ‚Ä¶  Let‚Äôs stay on this Ultra Light Beam‚Ä¶,27525,47711
A wise man should be humble enough to admit when he‚Äôs wrong and change his mind based on new information‚Ä¶,82469,93972
Some rappers got the club ‚Ä¶ Some got the radio‚Ä¶ some got the conscience‚Ä¶some got the streets‚Ä¶ Everybody has something they do the best‚Ä¶,32373,51253
every rapper is somebody‚Äôs favorite‚Ä¶,26224,44957
that statement has‚Äôt been sitting well with me‚Ä¶ That‚Äôs a dated mentality   ... I‚Äôm not on that ‚Ä¶,5528,18021
Man, I was thinking about when I commented on the idea of "taking the rap throne‚Äù ‚Ä¶,5559,16840
Just creating in a fun simple way with no politics‚Ä¶,4904,15992
Imagine if the people I named went to high school 2gthr and had a project to do for school‚Ä¶,4008,15290
all with one purpose of creating  beautiful product that can be attainable by everyone‚Ä¶,4500,14495
A dream of mine would be to do a project where I  work side by side with Raf Simmons,  Helmut Lang, Vanessa Beecroft and Martin Margiela,6409,20660
Stream THE LIFE OF PABLO on https://t.co/shjFIS65Ia,19658,38579
Hey Nicolas Ghesquiere I grew up on Tron too‚Ä¶ Let‚Äôs be best friends!!!,3923,17032
I‚Äôd rather teachers got paid more and books cost less ‚Ä¶ #2020,75577,122859
We have to lower the price of textbooks‚Ä¶,71903,92428
Education puts Americans into debt before they even get a chance to get started‚Ä¶,156372,167884
Steve Jobs wanted to lower the cost of textbooks‚Ä¶,14371,39709
she‚Äôs giving everything she has to make sure her son has a better future‚Ä¶,8731,26380
I mean, his mom has to work 2 days just to afford 1 book for her son ‚Ä¶,8046,24711
Her son just got in a really good school and his textbooks are like $400 dollars each ‚Ä¶,8012,24869
I have a friend who works really hard and makes $370 dollars a day‚Ä¶,9218,27364
All positive energy,59612,54357
so many people were inspired  and that‚Äôs all I wanted‚Ä¶,8718,25495
MSG was amazing ‚Ä¶,4164,17377
You let me dream without limits‚Ä¶.,21986,31926
They provided resources for me to create‚Ä¶ they supported me ‚Ä¶  I thank you so so much  ‚Ä¶,4356,19079
Adidas has really made all the difference ‚Ä¶,8367,29293
Thank you Adidas  for supporting my creative vision ‚Ä¶,8549,33077
Pablo is full of joy and love because I was able to create‚Ä¶.,10572,29729
I hope these words and this moment of truth can serve as some extra motivation to you‚Ä¶,9549,24575
for anybody listening to Pablo now, working on a dream,12076,32340
so people laughed when I said I wanted to be able to take care of my family ‚Ä¶,6024,18796
but if you don‚Äôt have your paper right, there's a chance that your family can be broken up,6352,16843
when Sway was telling me what to do, I was in debt, and had a child‚Ä¶,6514,17945
When Charlemagne was calling me "donkey of the day" I was in debt,6325,17163
I can see the clouds separating ‚Ä¶,7872,17595
I‚Äôm  an artist‚Ä¶  the definition of art - or at least my definition - is to be able to see the truth and then express it...,16839,32855
I don‚Äôt have to be cool‚Ä¶,35146,36201
perhaps a fashion group will cover the 53 that I‚Äôve invested over the past 13 years‚Ä¶,3752,13683
Perhaps Adidas will do some big Lebron style deal or  ‚Ä¶,4301,15082
my dreams brought me into debt and I‚Äôm close to seeing the light of day‚Ä¶,6840,19325
this country was built off of dreamers ‚Ä¶   never give up on your dreams, bro‚Ä¶,34865,46655
You can point fingers and laugh, but for all entrepreneurs with families  ...,5327,15748
I wanted the world to know my struggle‚Ä¶,7464,18280
Money doesn‚Äôt make me who I am‚Ä¶,15211,26146
You can‚Äôt control me or use the debt against me no more   ‚Ä¶,5693,16716
For the past 3 years people who knew about the debt tried to use it against me in negotiations ‚Ä¶,5559,17779
only problem I got with Good Fridays is I got more songs than I got old pictures!!!! Lol!!!!,13192,39105
Also all Good Fridays songs will be on Tidal. Me and Kendrick got 40 songs and me and Young Thug got 40 songs. 40/40 club!!!,31077,47546
Please to all my friends fans and music lovers. Sign up to Tidal now.,6619,19368
My album will never never never be on Apple. And it will never be for sale... You can only get it on Tidal.,34142,49203
This was made with love. Only God can judge me. So I only expect love back!!!,10774,24644
Shut the fuck up and enjoy the greatness.,126623,114950
Aight then ‚Ä¶,13625,19876
Don't tell me Lebron had a bad game. What yo jump shot look like???,25030,37762
The system is designed for colored people to fail and one of our only voices is music. One of our only ways out is music.,31682,47615
I love love love white people but you don't understand what it means to be the great grandson of ex slaves and make it this far.,29996,62706
To Pitchfork, Rolling Stone, New York Times, and any other white publication. Please do not comment on black music anymore.,19842,36652
Puff Daddy is the most important cultural figure in my life. His influence means everything to me.,8926,24090
Pitchfork, the album is a 30 out of 10,17089,34542
People wanted me to tweet again well here's some tweets!!!,20480,47021
and a balance art family perception friends family politics and the fucking manipulators,6894,19591
No matter what level you're at in life there is still a struggle,126950,116377
but if the self proclaimed cockiest person in the world can lay his personal business on the line then please people see my heart.,12993,32295
This is a God dream,26894,36549
I know I confuse you guys sometimes but please bare with me.,32201,47837
I am ultra light beaming right now. So many people have called or emailed to help today hedge fund guys billionaires etc...,8310,25703
I am of service to the world with my art and I just want to serve more.,11728,23806
and I think the idea of being a celebrity a lot of times blocks the understanding of what my purpose is.,8339,25042
There are people who support artist and philanthropist,5043,15881
I could not have done the MSG without Adidas but world, what I'm telling you is that was just a small sketch for what I will bring you.,6170,20034
Also for anyone that has money they know the first rule is to use other people's money.,26643,37225
If I spent my money on my ideas I could not afford to take care of my family. I am in a place that so many artist end up.,8396,21225
but I need access to more money in order to bring more beautiful ideas to the world.,15511,27583
Yes I am personally rich and I can buy furs and houses for my family,17865,30923
I want to help the world and I need help to do it. I am an artist and I care about humanity.,12150,26709
I just feel rich people are always too cool to ask for help trying to impress each other at dinner parties.,12683,30397
...on another note, can brah be the girl verson of bruh???,68887,86863
and yes there are misspellings on this chart‚Ä¶ that‚Äôs how you know it‚Äôs me...,6348,22104
All you guys had meetings with me and no one lifted a finger to help‚Ä¶.,5469,17944
I promise I‚Äôm going to make the world dope‚Ä¶. all I do is make shit dope #facts‚Ä¶,31398,46694
if you want to help‚Ä¶ help me‚Ä¶,17789,27974
you‚Äôd rather open up one school in Africa like you really helped the country‚Ä¶,10877,22457
All you dudes in San Fran play rap music in your homes    but never help the real artists‚Ä¶,7724,20833
hey Larry Page I‚Äôm down for your help too ‚Ä¶,5369,15959
Here is my Donda chart that I wrote 4 years ago that everyone laughed at‚Ä¶ https://t.co/g1po6Z3H55,11538,34966
I know I can make the world a better place‚Ä¶ I have done the impossible ‚Ä¶ I retook the throne of rap‚Ä¶ I beat the fashion game‚Ä¶,14301,30609
and I will always respect you for that and the world will love you‚Ä¶,8794,20724
one of the coolest things you could ever do is to help me in my time of need,18876,29224
Mark, I am publicly asking you for help‚Ä¶,13939,27974
I don‚Äôt have enough resources to create what I really can‚Ä¶,10001,22172
I‚Äôm this generation's Disney‚Ä¶ I want to bring dope shit to the world‚Ä¶,25556,40004
World, please tweet, FaceTime, Facebook, instagram, whatever you gotta do to get Mark to support me‚Ä¶,11116,24391
You love hip hop, you love my art‚Ä¶ I am your favorite artist but you watch me barely breathe and still play my album in your house ‚Ä¶,11357,28257
Mark Zuckerberg  I know it‚Äôs your bday but can you please call me by 2mrw‚Ä¶,27305,49296
I put Lowlights on my album just thinking about all the moms driving they kids to school then going to work‚Ä¶,11310,32636
Bars are worth more than money because it's something the people can use everyday to feel inspired.,19616,35175
I know y'all tired of music controlled by money and perception.  I'm proud of every dime of debt I got.,13763,34347
All y'all so worried about being likable but only a few are concerned about being great!!!,103525,101749
I am the Jordan and Steph Curry of music, meaning I'm the best of 2 generations.,58660,81121
I made Dark Fantasy and Watch the Throne in one year and wasn't nominated for either ... I will have over 100 Grammys before I die.,23526,43610
I made Dark Fantasy and Watch the Throne in one year and wasn't nominated for either ...,13183,30484
I'm practicing my Grammy Speech. I'm not going to the Grammys unless they promise me the Album of the Year!!!,31435,51763
Tidal is also funding a lot of my scripted content ideas.  It's a new day people.  More Ultra Light Dreams to be realized.,5585,19544
Man thank you so so so much everyone for signing up to Tidal. Tidal is now the number one app in the world!!! https://t.co/O3r9DkX03R,7056,25087
Please for all music lovers. Please subscribe to tidal!!! I decided not to sell my album for another week. Please subscribe to tidal.,15837,39128
Ima fix wolves,21210,44307
after realizing he is the greatest living artist and greatest artist of all time.,21879,41566
Mark Zuckerberg invest 1 billion dollars into Kanye West ideas,38093,63299
They are calling me to the SNL stage now ... Speak soon...,11019,40642
This is all all is fun all in good feelings... We will all be gone 100 years from now but what did we do to help while we were here!!!,18049,36931
I write this to you my brothers while still 53 million dollars in personal debt... Please pray we overcome... This is my true heart...,16322,35835
Let's dance in the streets. I am consumed by my purpose to help the world.,24272,40035
All memes are wrong... The Life of Paul... The life of Pablo... Ultralight beams... Moms dads daughters sons stand up...,11857,26759
Please forgive the profanity and give hugs and blessings to my brother Kirk for standing by me... In a few hours the journey begins...,9395,23292
He was saved from persecution due to his Roman citizenship... I have the right to speak my voice...,5405,16331
He was a learned man not of the original sect so he was able to take the message to the rest of the world...,5691,17042
Paul ... The most powerful messenger of the first century... Now we stand here 20 centuries later... Because he was a traveler...,8007,21602
.... awwwwww... https://t.co/TLXZhIEvmQ,53992,98159
Bosses https://t.co/aMzmmTcPQb,8779,34714
Thank you my brother Ricardo https://t.co/qXHHrMDWQk,4641,26253
HAD TO ALL CAPS THIS!!!!!! NO MORE RULES‚Ä¶. MAKE YOUR OWN RULES‚Ä¶   ok now back to finishing Pablo,26377,54419
I‚ÄôM SO HYPE RIGHT NOW    EVERYTHING HAS CHANGED  ‚Ä¶ HAVE YA‚ÄôLL EVER SEEN TRON? THE END OF THE TRON WHERE EVERYTHING LIGHT UP!!!!,29625,55115
HAAAAAAAAAAAAAA FUCK ALL THE HATERS   PUT YOUR MIUTHERFUCKING FIST IN THE SKY RIGHT NOW!!!!!!!!!!!!,45906,66463
and was there in full support to see me realize this dream‚Ä¶,5305,20112
and I‚Äôm proud of this picture with me and Caitlyn‚Ä¶ She gave the most heart felt speech at my wedding https://t.co/vt76mwqfnH,9779,38308
I‚Äôve given everything I had for this moment‚Ä¶ a lot of people feel it‚Äôs the paradigm shift ‚Ä¶,6627,21290
fashion ain‚Äôt no joke for me‚Ä¶ It‚Äôs a way of life‚Ä¶ creative expression and industry‚Ä¶,20656,39404
so many people didn‚Äôt make it and gave everything they had for me to stand on their shoulders and break through fashion‚Ä¶,5970,20315
Your site is entertaining and hilarious but certain things are just too far‚Ä¶ you have no idea what I‚Äôve had to go through ‚Ä¶,5646,19197
I‚Äôm a human being‚Ä¶ I‚Äôm an artist, bro‚Ä¶,22631,37793
you probably got bootleg Yeezy‚Äôs on right now‚Ä¶,41108,51780
but Media Takeout couldn‚Äôt say one thing positive knowing damn well you‚Äôd love to be on the YEEZY 350 list‚Ä¶,7445,21694
people were crying‚Ä¶ people were throwing up the fist‚Ä¶ people were dancing‚Ä¶,7491,21606
I had an album listening and clothing presentation and Madison Square Garden‚Ä¶,7063,21052
respect the struggle‚Ä¶ respect the hustle‚Ä¶ respect the dreams‚Ä¶  respect the movement‚Ä¶,55098,56811
You seem like the type of organization hired to always keep dreamers down‚Ä¶ when certain things in history happen you just got to respect it‚Ä¶,7432,19537
Now - Media Takeout - always remember that you dissed the collection that changed the world.,6019,17674
It‚Äôs Chance's fault the album not out yet‚Ä¶ he really wanted Waves on that Bitch‚Ä¶  we in the lab now...,55512,89662
There would be no MSG without @iamdiddy my OG. He fought this war 15 years ago. Respect OG.,8191,28401
You have supported me since the beginning and I'm so happy to call you my friend!!!,11759,41018
The boss: thank so much Anna for coming to my show!!! https://t.co/VAwzk0SDUw,11896,48784
The album is being mastered and will be out today‚Ä¶ added on a couple of tracks‚Ä¶ https://t.co/6lBxcd83N2,156391,181100
Now that the album is finally finished it‚Äôs back to Good Fridays. https://t.co/j5vq347xCC,46031,57146
I want to be the creative director of Hermes‚Ä¶,16728,42963
not just the famous people there    but the kids   the moms the dads  the families that came to share this moment with us,10998,30673
9th   It felt like a seen from The Warriors     ALL GODS   ALL GODS ALL GODS in the buildin,12804,26366
but you can see at Madison Square Garden that you can stop us,10683,24929
8th   They want to control us with money and perception and mute the culture,28848,38768
7th  I miss that feeling  so that‚Äôs what I want to help restore,13434,26446
That‚Äôs why music is so fucking watered down right now    I miss that DMX feeling,33009,51519
6th  Stop trying to demonize real artist     Stop trying to compromise art,23754,36142
I can‚Äôt be mad at Kanye because he made me famous!  #FACTS,35683,50997
She was having dinner with one of our friends who‚Äôs name I will keep out of this and she told him,14107,26069
5th  thing I‚Äôm not even gone take credit for the idea‚Ä¶ it‚Äôs actually something Taylor came up with ‚Ä¶,18819,32669
4th Bitch is an endearing term in hip hop  like the word Nigga,28694,43429
3rd thing    I called Taylor and had a hour long convo with her about the line and she thought it was funny and gave her blessings,25037,43496
2nd thing   I asked my wife  for her blessings and she was cool with it,18471,36121
First thing is I‚Äôm an artist and as an artist I will express how I feel with no censorship,30571,46649
I did not diss Taylor Swift and I‚Äôve never dissed her‚Ä¶,30279,48825
Photos by Lukas Wassmann,2081,10956
Family,25913,43115
Father Stretch My Hands.... I cried writing this.¬†¬†I love my Dad https://t.co/bkbNnU0BEH,43137,85728
WE‚ÄôRE RELEASING MORE TICKETS FOR TODAYS SHOW AT MADISON SQUARE GARDEN‚Ä¶ https://t.co/BwvStxRTEC,3242,11338
Zine party with Jackie Nickerson Virgil Abloh Heron Preston #goodjobwillo https://t.co/GEKOfLzOZ1,6751,21980
Final track list for The Life Of Pablo https://t.co/PMH94MAAeJ,74907,89850
Please no one text me or ask me for anything till Monday.,61223,73132
Seating https://t.co/xOJI2y0TvM,3727,15993
Season 3 invite https://t.co/lhVebPlTJd,7299,20375
in the booth https://t.co/Kpgs1qbVii,23662,48862
Wow this is pretty cool ... good job NIKE team... Lebron is my brother https://t.co/QrzpkRwWAk,7746,22946
BILL COSBY INNOCENT !!!!!!!!!!,44858,54058
I'm sorry Michael Jordan    I love and respect you. My beef was with Mark Parker. I respect you so much!,17190,39647
Now they know https://t.co/6c3OXYmkPG,39913,64659
Puma we gone give you your measly million dollars back!!! Never try to divide the family!!!,15801,32673
1000% there will never be a Kylie Puma anything. That's on my family! 1000% Kylie is on Yeezy team!!!,28671,54030
Material for Merch stand #goodjobwillo https://t.co/e7nMtSv0ej,2676,12180
Love love love love love my baby girl  #lovemyfamily https://t.co/YacTKSyVFE,27130,83161
2017? https://t.co/hxdDMhHcr1,11680,33513
Season 4 I‚Äôm only working on kid‚Äôs clothing...full time,11267,42687
That's the new album anybody who can figure out the title gets tickets to Season 3 and free Yeezys,33260,64274
@studio /final verses /new album title¬†¬†T.L.O.P. https://t.co/yXKbFl9w6W,22794,31125
Location scouting for Zine party February 10th  with @ Jackie Nickerson    ‚Ä¶ #Goodjobwillow https://t.co/ff4OXU5f47,2497,8780
I have to call @FloydMayweather and @LeoDicaprio, I spoke to @MikeTyson yesterday,10152,24747
Season 2 Zine pronounced Zeen¬†short for magazine.¬†¬†¬†¬†A lot of people pronounce it wrong. https://t.co/jnmLFV3wZN,8121,22767
SEASON 3  https://t.co/8T1uPQewkc,12156,26229
Caught 10,000 retweets in half a second #facts,12904,33420
There may be a new secret album title,41241,73039
ALSO THANK YOU @FuckTyler FOR THE BEAT https://t.co/dyCBUtsWRx,18682,43027
THANK YOU GUYS KIMOJI IS NUMBER 1 ON THE APP STORE   https://t.co/qjmsUYOzAp https://t.co/L0FBBgk9Gs,3791,15653
I held a few seats for stage design that may open up depending on Vanessa‚Äôs final layout.,3751,15318
THANK YOU SO MUCH GUYS WE SOLD MADISON SQUARE GARDEN OUT IN 10 MINUTES!!!,15747,49525
On February 11th these dreams come true,30797,48960
It was always a dream to show my collection at Madison Square Garden,7402,22560
It was always a dream to have a listening party at Madison Square Garden,7873,23437
Aye Billboard you could use the term ‚Äúunauthorized" but never refer to anything that me and Tyler do as fake out of respect to musicians‚Ä¶,14522,39470
@billboard ‚Ä¶ it‚Äôs not a fake cover‚Ä¶ you seen it didn‚Äôt you‚Ä¶ you know we shot it didn‚Äôt you‚Ä¶,5490,12575
Should this be a Rolling Stone cover?  Yes or No,5930,10419
I bet you this still becomes the cover though... Let's do another poll.....,0,0
#trollingstone,7746,24003
ROLLING STONE SHOT BY TYLER THE CREATOR https://t.co/lOMtOdOEel,83561,147753
So many musicians touch my life and made me who I am‚Ä¶    I want to make something great to honor my idols‚Ä¶,22882,51993
this new album is ONE of the greatest albums not the greatest just one of ‚Ä¶,32766,56923
Out of respect for Q-Tip, Puff, Hov, Lauren, Pharcyde, Mary, Stevie, Michael, Hendrix, James, Pete Rock, Pac, Marvin‚Ä¶.,17768,40810
Me and Wiz spoke yesterday.  Great convo.  All positive.,91291,181968
CONGRATULATIONS TO MY BROTHER VIRGIL ABLOH ON THE NEW BORN,7110,31357
God‚Äôs dream‚Ä¶   Never speak on kids again‚Ä¶   all love ‚Ä¶ all blessings‚Ä¶,26061,55917
I‚Äôm not into that kind of shit‚Ä¶  I like pictures and videos     Me and my wife got the kind of love that can turn exes into best friends,50996,85922
Exes can be mad but just know   I never let them play with my ass‚Ä¶    I don‚Äôt do that‚Ä¶ I stay away from that area all together,149332,194455
I‚Äôm happy that I now know that KK means weed‚Ä¶  please excuse the confusion ‚Ä¶  now back to #WAVES,82820,134861
Man it‚Äôs a sad a day‚Ä¶ Wiz lost 2 million followers since I tweeted      I didn‚Äôt mean to either him like that.,67410,101179
In the lab with Ian Connor by the way,19153,42105
The Devil can‚Äôt stop us,68089,64466
Ima take these down cause it‚Äôs all about positive energy    blessings  blessings    positive energy blessings,39680,67494
Good energy  positive energy,98191,87690
This album is actually a Gospel album,60040,85137
I love the world bottom line and all I want is peace and positive energy,54977,69418
What‚Äôs sad is I love Wiz and I love all all my brothers and all people,38795,66239
#Waves https://t.co/Azig7aNYOu,50864,80313
#wifey #season3 https://t.co/Cn7qx5MbNk,54430,139828
Honor puff honor 50 honor q tip honor jay,22988,42861
I got this record niggas can't even play before 2 am.,26542,49422
All respect to Andre Harrel and Max B #Waves,18488,33154
#Waves the album formally known as Swish üò≠üò≠üò≠,46533,73834
#waves https://t.co/fyER7NH8DC,77528,100690
New album title, WAVES,106560,128477
This is not album of the year.  This is album of the life.,227835,268121
good fridays,38445,71051
So happy to be finished with the best album of all time https://t.co/JBWa8OWvqw,158575,214475
Uncle Larry is with us in the lab https://t.co/FCRiOtrZP1,13515,38836
#unclelarry https://t.co/xeqX9NbXyQ,34199,52457
We just wanna thank Madlib for these 6 beat CDs he sent over,0,0
#scary https://t.co/rSKnOH5s9b,30242,59833
squad https://t.co/WVYnjNtdRA,7606,25587
squad https://t.co/wdOKb4bJt1,5889,19857
Had to do it https://t.co/jsEPvnjKB8,15366,38281
The monster https://t.co/N1F3QFmRws,10733,28694
üò¢ https://t.co/cDbAdPamwO,21392,48417
I told my wife...  #whichonelookbetter #allmattedout #newgrillcomingsoonallchrome #blessed https://t.co/hpTOCBSlED,26190,51444
A message from Yasiin Bey  https://t.co/Mf6apCqn2D,17435,23309
It's up https://t.co/w7zWdeVSV9,79458,83041
NO MORE PARTIES IN LA .........................very very extremely soon family https://t.co/C1R3oa0G2Z,42489,73447
I pray for his friends and family.,14326,43806
David Bowie was one of my most important inspirations, so fearless, so creative, he gave us magic for a lifetime.,84688,150552
I have no interest in working with anyone who is too important or too good or too traditional to take a call at 3am,80523,136821
My idol. https://t.co/YGFrPhQmDP,9844,30645
Swish  February 11 16,180868,167214
No More Parties in LA featuring Kendrick Lamar intro produced by me/track by Madlib  https://t.co/Mf6apCqn2D https://t.co/qNvP6yTTBq,49507,63084
Real Friends produced by me/sample by Frank Dukes and Boi 1da/drum programming by Havo,13604,28391
I hope you have a nice weekend.,96074,95645
New version is up.  Please please erase the old one I wasn‚Äôt satisfied with the sound quality.,19930,39064
It will be back up shortly.  When it‚Äôs back up all rippers please rip the new one instead.,18273,34068
Un momento, there was a slight distortion in the main loop within Real Friends.,18620,32519
Thank you GQ and to everyone who voted, it‚Äôs been an amazing year!!!,0,0
Praying for my brother King Louie and his family.,11984,27550
I‚Äôm so proud of my wife!  This KIMOJI idea is so dope... https://t.co/fsWK5FOGTE,28019,61285
R.I.P. DJ TIMBUCK2.   He was an amazing person and talent.   My prayers go out to his family.,6174,16926
no offense to anyone‚Ä¶ I‚Äôm asking everyone   DON‚ÄôT ASK ME FOR ANYTHING TILL AFTER I‚ÄôM FINISHED WITH MY ALBUM,56376,82412
I‚Äôm finishing my album and my next collection‚Ä¶,55740,73865
eid Cudi "Speedin' Bullet 2 Heaven"  https://t.co/HAHbYWDfMa,12482,21689
Pusha T  ‚ÄúUntouchable‚Äù, produced by Timbaland.  https://t.co/I1rybEb6Xr,5639,11189
‚Ä¶with my brothers Trav, Yasiin and Nabil  https://t.co/KsB0igFQ06,6620,11442
Robert Zemeckis is a truly inventive filmmaker and captivating storyteller. He is one of my favorite directors of all time.,4707,15444
I just saw The Walk and it was truly inspiring! The Walk is a modern elegant masterpiece.,4650,15530
If a game is made for a 2 year old, just allow them to have fun and give the parents a break for Christ sake.,27424,48815
That makes no sense!!! We give the iPad to our child and every 5 minutes there's a new purchase!!!,26908,44518
Fuck any game company that puts in-app purchases on kids games!!!,51780,77325
Color http://t.co/0ZTDPK4M4A,7515,19597
Please: Do everything you possibly can in one lifetime.,391044,283356
Maximum expression while I have air in my lungs.,40351,44604
The Weeknd is one of my favorite artists and I was really excited to get to work with him on this song.,0,0
RODEO http://t.co/vqM96I29T8,36103,42953
My good friend Ellen @TheEllenShow just launched her clothing line, http://t.co/6jVO1gDzIH,3085,10462
My prayers go to Ingrid Sischy‚Äôs family ‚Ä¶ I will forever appreciate her sincerity ‚Ä¶ She was a super nice person. http://t.co/GajqVowxAH,2778,12303
Baptism http://t.co/YnHbme8Y6l,24043,51952
DREAMS ARE WORTH MORE THAN MONEY   http://t.co/Xp0N6rBKEs,12116,16732
Skateboard P is the God.,24990,31023
Beautiful song, incredibly shot.,0,0
Kim, I‚Äôm so happy to be married to the girl of my dreams‚Ä¶ I love you and Nori so much!!! I would find you in any lifetime.,108512,219713
We promise to win.,60123,48798
Thank you SAIC‚Ä¶  This is my greatest honor to date and would have been my mother - Dr. West‚Äôs - proudest moment. http://t.co/UmbmkJDHhq,29132,59132
I might change it again but that‚Äôs the name now,32049,40724
I‚Äôm changing my album name to SWISH,64847,68938
The love of music is louder than words. http://t.co/dvYp0pl3An http://t.co/1B4edv3jRl,3518,8322
New PAPER mag http://t.co/nU2dRO57SK,13210,26782
Excited, humbled and motivated for the future. http://t.co/t5estPlR6w,23829,43698
New Tyler https://t.co/2vNarGnL5I,13875,20059
VIC MENSA - U MAD featuring me  http://t.co/Q0YFFn1JsP http://t.co/zcXB13D90L,10715,17661
I want to steer clear of ‚Äúopportunities" and focus on dreams.,62100,59560
Akira and There Will Be Blood are equally my 2 favorite movies of all time.,12323,26467
Even people who wanna go to heaven don‚Äôt wanna die to get there.     https://t.co/UBzOzxcBXG,5826,10950
I really like this vid...  https://t.co/T3bEuqHvgm,6035,10330
SUMMER LEAGUE!!!  ME TY $ AND WALE  http://t.co/ToLGm2h1rM,8311,12565
SEASON zine print edition available for free at the following locations http://t.co/ySwfZewefE,1907,4441
KENDRICK IS AN INSPIRATION.  THANK YOU FOR THE VIBRATIONS AND THE SPIRIT. YOUR MEANING, MESSAGE AND EXECUTION ARE GIFTS TO THE WORLD.,110363,131564
I decided to make it the first official video featuring Theophilus Allan Kingdom and Paul McCartney http://t.co/jD2BnEzN5Z,7465,11912
I felt the Brits performance captured the energy of the record http://t.co/Mf6apCHYrd,3502,8131
Finally back in the studio‚Ä¶ starting my day by listening to Kendrick‚Äôs new album!!!  Thank you for the music and messaging!!!,33365,57146
SWISH!!!!!! http://t.co/07ZjyPi2dh,14315,28194
SWISH!!! http://t.co/QhEdqRIjb4,10434,20753
SWISH!!! http://t.co/phxpNGOb69,9608,19460
SWISH!!!! http://t.co/qEyDXcN8Xj,15970,25618
I‚ÄôM SO LUCKY http://t.co/NyN0w5QCyB,36516,56311
CONGRATS BABY ON THE SHOW PREMIERE LAST NIGHT http://t.co/wDrVgwnqZj,11834,25985
CONGRATS BABY ON 30 MILLION TWITTER FOLLOWERS http://t.co/ev1g3MXxhG,14145,26220
I‚ÄôM SO LUCKY http://t.co/8rB3T0Hl6b,32888,51275
YEEZY SEASON ONE - PHOTOGRAPHS BY JACKIE NICKERSON http://t.co/ySwfZewefE,4714,7449
RT @LiveNationUK: TONIGHT: @kanyewest to play one off show @KOKOLondon. Over 18s only, doors 11pm, strictly 2 tickets per person http://t.c‚Ä¶,1355,0
CyHi The Prynce freestyle on Westwood  http://t.co/eEPVt2JhvP,3164,5414
ALL DAY (feat. Theophilus London, Allan Kingdom &amp; Paul McCartney) http://t.co/AOMo6EtEDT http://t.co/1xvft3175J http://t.co/LfasWNl679,21227,25258
YOU ARE A LEGEND, A GREAT FRIEND, AND RESPECTFULLY EVEN THOUGH YOU WHITE ONE OF THE REALEST NIGGAS ALIVE,21187,38986
THERE WOULD BE NO FIX, NO WATCH THE THRONE, NO COLLEGE DROPOUT, NO GOLD DIGGER WITHOUT YOU BRO!!!!,8193,20634
HAPPY BDAY TO MY BROTHER MIKE DEAN, MIKE YOU‚ÄôRE ONE OF THE GREATEST LIVING MUSICIANS IF NOT THE GREATEST,8356,18710
So Help Me God http://t.co/e3UUsQQEts,84989,77355
New Album title...,32373,40201
Yo so proud of my family Big Sean for his first number 1 album!!!!   #Goodmusic!!!!,19273,40648
I also would love for Bruno to sing this hook on this song 88 Keys / Puff and I produced‚Ä¶   I even asked Tyler to shoot the vid.,25146,41365
I also want to publicly apologize to Bruno Mars,  I used to hate on him but I really respect what he does as an artist.,45488,72477
I would like to publicly apologize to Beck, I‚Äôm sorry Beck.,86354,120028
Congrats to my family Chris Brown and Tyga on their new release,0,0
Really proud of my brother and his new album.,0,0
GOOD LUCK TO MY FAMILY COMMON AND JOHN LEGEND ON THEIR OSCAR NOMINATION!!!!!   SO PROUD OF YOU GUYS!!!!,11653,33849
BLESSINGS ON BLESSINGS ON BLESSINGS!!! http://t.co/UtcxsIaH4t,4179,8290
Seems like just yesterday we were interning at Fendi - now you‚Äôre nominated for the LVMH Young Designer Prize.,3423,8548
I am so proud of my family Virgil Abloh.,3889,9533
If you wanna have a drink with me, book a table at the spotted pig when I‚Äôm back in NY.,13734,27744
We want to innovate and we will win someday.,32730,33391
All we have are our dreams, and you can step on our dreams and ideas all you want, but we won‚Äôt stop fighting.,70454,57927
Fame is often looked down upon in the design world, so it‚Äôs actually been something I had to overcome.,12110,17400
because I was too famous by the time I realized I wanted to design.,8557,15455
I don‚Äôt call myself a designer as I was not allowed to go to Saint Martins,7159,13020
I have millions of ideas and I represent a new generation just trying to express themselves in a broken world.,37813,48855
and I have encountered countless amounts of bigotry along the way.,5310,9963
To Fern Mallis: I just want you to understand that attempting to do clothing has been very difficult,4557,9155
@cyhitheprynce #NAACP #BHP2 https://t.co/qzYsutMFrN,1844,2853
LET'S GO!!! http://t.co/eZlDcSw9wZ http://t.co/LpVuwSvy0Q,4884,8281
please read http://t.co/iMQhPm3iRc,8831,12298
Access granted. Reserve now. #YEEZYBOOST,9016,15985
GOOD Sessions  http://t.co/etLa3PDkrq,5263,7718
600,000 people rallied for justice on Dec. 13th  #blacklivesmatter,21312,31931
VIBES! Out Today. http://t.co/EIxhSnQjEL,2994,5542
I know it‚Äôs last minute, but if you haven‚Äôt voted, please vote today,12415,18071
The midterms are extremely important,20318,19527
I'm supporting the Democratic ticket in these midterms,9260,17441
Me and my wife met with President Obama two weeks ago,13194,26601
Sometimes I feel like just saying I love you isn‚Äôt strong enough to express how much I love you‚Ä¶,167806,165278
Happy Birthday baby!  Thank you for being the dopest wife &amp; mom! http://t.co/D3k20HN3Yb,51938,106014
not smiling makes me smile,269280,193548
Hedi at Saint Laurent, Nicolas at Vuitton and now John at Margiela.,5667,9373
It is very exciting to see what powerful creatives do at different houses...,9733,14843
JOHN GALLIANO is the new creative director of MARGIELA, I heard this rumor when I was in Paris and just received confirmation this morning!,4362,8339
Thank you Robin for all of the joy you brought the world http://t.co/c0YABjcLMo,93230,136307
A.P.C. KANYE http://t.co/bMty2Fnjob,3784,6302
One of my favorite artists Lana Del Rey‚Äôs new album.,0,0
#Allinornothing,7328,7800
hi Mom http://t.co/rP0xlyt4Eq,99274,174913
My friend Lisa Robinson just released her book, There Goes Gravity. http://t.co/oayjIhFcmy. Pretty legendary photos in it!!!,1212,3156
I love my family http://t.co/SDZohbsoaA,86578,147560
Dreams come true http://t.co/JlNzCKwZ0h http://t.co/sC3KNTl7fH,48577,74807
#TRILL Thank you @voguemagazine http://t.co/C4O8XOeJjS,6983,8580
check out @SteveStoute classic Tanning of America marathon starting at 7pm on vh1 #hiphopchangedus,1814,3391
I'm performing tonight on @LateNightSeth,6541,10415
The doors may be heavier, but I promise you WE WILL BREAK THEM.,70897,53267
Ten years later I am still the same kid from Chicago, still dreaming out loud, still banging on the door.,49754,51857
I wake up every day trying to give something back to you that you can rock to and be proud of.,30207,35411
I am honored and humbled by my fans, for the unwavering support and love over the past ten years.,25399,36296
gave of their heart to that project, and to all the projects that followed, and are to come.,11569,17779
I am extremely grateful to each and every person along that road who helped, lent an ear, lent their voice,,19387,25166
to not only convince my peers and the public that I could be an artist, but to actually get that art out for the world to hear.,13713,19463
I say "finally" because it was a long road, a constant struggle, and a true labor of love,17844,23377
Ten years ago today we finally released what had been my life's work up to that point: The College Dropout.,55209,52026
A.P.C. http://t.co/RMdltT4vOe,11857,16959
Thank you, Mandela, for your life's work and may it serve as a guiding light to illuminate our future.,18853,16480
At a young age my mother taught me the importance of his work. Mandela sacrificed his life for the betterment of mankind.,12004,12254
I'd like to address the false stories and noise that have been engineered by the media.,9925,8422
Despite recent media reports, I've never said anything to dishonor or trivialize the life or transition of one of the most inspiring leaders,12692,9094
Respect to Mandela, his family and his legacy.,12234,11220
YEEZUS TOUR MERCH AVAILABLE BLACK FRIDAY http://t.co/M56v4jI0X2,1826,3160
You inspire us all to be greater and have broken the original doors down that gave us the platform: http://t.co/fFrj884wP6,3725,4388
Thank you Russel for these kind insightful words, I appreciate your mentorship.,2296,4362
YEEZUS TOUR OFFICIALLY BACK ON THE ROAD http://t.co/VQmRN6Z3tY,7544,9059
I DO NOT HAVE AN INSTAGRAM‚Ä¶,20174,23450
Thank you MAISON MARTIN @MARGIELA and @RenzoRosso It was one of the greatest experiences to work with the maison!!! http://t.co/zvUtw0oiip,3825,7940
So proud of my baby @kimkardashian http://t.co/cArxWft6EP,8980,19242
MY NAME IS MY NAME.  PRE-ORDER ON ITUNES NOW. http://t.co/Sy0S7t4PAp,2985,2646
YEEZUS TOUR WITH KENDRICK ON SALE NOW.  http://t.co/Qb5QmxrB7U,7165,5267
Karl shooting my 2 girls @CarineRoitfeld @RiccardoTisci @KarlLagerfeld http://t.co/HJWw3Cotxq http://t.co/S04Bz4IZBB,5243,12456
I loved working on this new John Legend album, LOVE IN THE FUTURE, out now. @johnlegend   https://t.co/cc1rzT2P6L http://t.co/65caceLwbP,4280,6915
please don't diminish the user experience by just posting it as a normal video  ‚Ä¶    please link them to my site,3144,3247
if you put a link to my site people will be able to chop &amp; screw the video. this is a step towards the possibilities of internet based video,2695,2669
ATTENTION all sites just posting merely the video version of BLKKK SKKKN HEAD...,2008,2135
I open the debate‚Ä¶ The 2nd verse of New Slaves is the best rap verse of all time‚Ä¶.meaning ‚Ä¶ OF ALL TIME IN THE HISTORY OF RAP MUSIC, PERIOD,58700,35172
And to who ever leaked the video‚Ä¶     FUK YOU!,25030,16533
Allow me and Nick to give the world what we've been losing sleep over.,5187,4208
So any website that may have the unapproved / unfinished ruff. I ask you to please take it down.,3519,2868
The final version will be ready within the next week.,4444,3209
Me and Nick Knight have been working on this video for 5 months and for creatives it's heartbreaking when something like this happens.,4990,3988
Thank you Jean Touitou for letting me create with you http://t.co/ctery9mHJA,1989,2254
This is not another "Robot" movie.   Guillermo del Toro is a master.,6277,5311
I saw a pre-screening of Pacific Rim yesterday and it's easily one of my favorite movies of all time.,9820,8140
one of the other gifts my girl gave me for fathers day http://t.co/WnlZaMhVtw,6675,11603
ENTER FOR A CHANCE TO WIN A PAIR OF THE RED NIKE AIR YEEZY 2 http://t.co/xWXjqFQuwg,3852,3711
NEW MUSIC AT NEW PROJECTION LOCATIONS @ http://t.co/7BZwfPawwZ,3747,2378
NEW SONG AND VISUAL FROM MY NEW ALBUM BEING PROJECTED TONIGHT ACROSS THE GLOBE ON 66 BUILDINGS, LOCATIONS @ http://t.co/7BZwfPawwZ,16320,8045
